0	2026-10.md	2
1	2026-10.md	28
2	2026-10.md	37
3	2026-09-p1.md	58
4	2026-09-p1.md	22
5	2026-09-p1.md	19
6	2026-09-p1.md	176
7	2026-09-p1.md	31
8	2026-09-p1.md	39
9	2026-09-p1.md	54
10	2026-09-p1.md	136
11	2026-09-p1.md	26
12	2026-09-p1.md	38
13	2026-09-p1.md	23
14	2026-09-p1.md	39
15	2026-09-p1.md	99
16	2026-09-p1.md	82
17	2026-09-p1.md	29
18	2026-09-p1.md	80
19	2026-09-p1.md	43
20	2026-09-p1.md	57
21	2026-09-p1.md	14
22	2026-09-p1.md	67
23	2026-09-p1.md	40
24	2026-09-p1.md	75
25	2026-09-p1.md	49
26	2026-09-p1.md	127
27	2026-09-p1.md	121
28	2026-09-p1.md	80
29	2026-09-p1.md	58
30	2026-09-p1.md	89
31	2026-09-p1.md	48
32	2026-09-p1.md	94
33	2026-09-p1.md	24
34	2026-09-p1.md	11
35	2026-09-p1.md	11
36	2026-09-p1.md	30
37	2026-09-p1.md	10
38	2026-09-p1.md	11
39	2026-09-p1.md	11
40	2026-09-p1.md	16
41	2026-09-p1.md	22
42	2026-09-p1.md	34
43	2026-09-p1.md	34
44	2026-09-p1.md	30
45	2026-09-p1.md	22
46	2026-09-p1.md	22
47	2026-09-p1.md	19
48	2026-09-p1.md	26
49	2026-09-p1.md	21
50	2026-09-p1.md	21
51	2026-09-p1.md	49
52	2026-09-p1.md	21
53	2026-09-p1.md	25
54	2026-09-p1.md	17
55	2026-09-p1.md	27
56	2026-09-p1.md	27
57	2026-09-p1.md	17
58	2026-09-p1.md	17
59	2026-09-p1.md	16
60	2026-09-p1.md	25
61	2026-09-p1.md	16
62	2026-09-p1.md	27
63	2026-09-p1.md	43
64	2026-09-p1.md	154
65	2026-09-p1.md	54
66	2026-09-p1.md	75
67	2026-09-p1.md	66
68	2026-09-p1.md	32
69	2026-09-p1.md	36
70	2026-09-p1.md	29
71	2026-09-p1.md	29
72	2026-09-p1.md	34
73	2026-09-p1.md	17
74	2026-09-p1.md	18
75	2026-09-p1.md	11
76	2026-09-p1.md	11
77	2026-09-p1.md	17
78	2026-09-p1.md	20
79	2026-09-p1.md	88
80	2026-09-p1.md	95
81	2026-09-p1.md	123
82	2026-09-p1.md	160
83	2026-09-p1.md	69
84	2026-09-p1.md	58
85	2026-09-p1.md	59
86	2026-09-p1.md	4
87	2026-09-p1.md	14
88	2026-09-p1.md	4
89	2026-09-p1.md	120
90	2026-09-p1.md	85
91	2026-09-p1.md	64
92	2026-09-p1.md	205
93	2026-09-p1.md	101
94	2026-09-p1.md	85
95	2026-09-p1.md	123
96	2026-09-p1.md	207
97	2026-09-p1.md	71
98	2026-09-p1.md	189
99	2026-09-p1.md	53
100	2026-09-p1.md	210
101	2026-09-p2.md	155
102	2026-09-p2.md	134
103	2026-09-p2.md	146
104	2026-09-p2.md	115
105	2026-09-p2.md	189
106	2026-09-p2.md	119
107	2026-09-p2.md	72
108	2026-08-p1.md	65
109	2026-08-p1.md	98
110	2026-08-p1.md	116
111	2026-08-p1.md	72
112	2026-08-p1.md	139
113	2026-08-p1.md	84
114	2026-08-p1.md	107
115	2026-08-p1.md	54
116	2026-08-p1.md	125
117	2026-08-p1.md	78
118	2026-08-p1.md	66
119	2026-08-p1.md	188
120	2026-08-p1.md	74
121	2026-08-p1.md	78
122	2026-08-p1.md	64
123	2026-08-p1.md	225
124	2026-08-p1.md	99
125	2026-08-p1.md	138
126	2026-08-p1.md	82
127	2026-08-p1.md	47
128	2026-08-p1.md	42
129	2026-08-p1.md	44
130	2026-08-p1.md	57
131	2026-08-p1.md	48
132	2026-08-p1.md	94
133	2026-08-p1.md	96
134	2026-08-p1.md	111
135	2026-08-p1.md	147
136	2026-08-p1.md	87
137	2026-08-p1.md	123
138	2026-08-p1.md	222
139	2026-08-p1.md	206
140	2026-08-p1.md	301
141	2026-08-p1.md	160
142	2026-08-p1.md	137
143	2026-08-p1.md	201
144	2026-08-p1.md	139
145	2026-08-p1.md	154
146	2026-08-p1.md	138
147	2026-08-p1.md	154
148	2026-08-p1.md	194
149	2026-08-p1.md	142
150	2026-08-p1.md	141
151	2026-08-p1.md	118
152	2026-08-p1.md	102
153	2026-08-p1.md	115
154	2026-08-p1.md	242
155	2026-08-p1.md	87
156	2026-08-p1.md	163
157	2026-08-p1.md	121
158	2026-08-p2.md	170
159	2026-08-p2.md	126
160	2026-08-p2.md	107
161	2026-08-p2.md	88
162	2026-08-p2.md	158
163	2026-08-p2.md	128
164	2026-08-p2.md	91
165	2026-08-p2.md	95
166	2026-08-p2.md	126
167	2026-08-p2.md	72
168	2026-08-p2.md	124
169	2026-08-p2.md	139
170	2026-08-p2.md	155
171	2026-08-p2.md	182
172	2026-08-p2.md	105
173	2026-08-p2.md	109
174	2026-08-p2.md	138
175	2026-08-p2.md	200
176	2026-08-p2.md	116
177	2026-08-p2.md	190
178	2026-08-p2.md	140
179	2026-08-p2.md	172
180	2026-08-p2.md	142
181	2026-08-p2.md	198
182	2026-08-p2.md	201
183	2026-08-p2.md	159
184	2026-08-p2.md	157
185	2026-08-p2.md	162
186	2026-08-p2.md	176
187	2026-08-p2.md	136
188	2026-08-p2.md	190
189	2026-08-p2.md	64
190	2026-08-p2.md	44
191	2026-08-p2.md	83
192	2026-08-p2.md	95
193	2026-08-p2.md	106
194	2026-08-p2.md	156
195	2026-08-p2.md	227
196	2026-08-p2.md	153
197	2026-08-p2.md	136
198	2026-08-p2.md	86
199	2026-08-p2.md	105
200	2026-08-p2.md	34
201	2026-08-p2.md	35
202	2026-08-p2.md	50
203	2026-08-p2.md	54
204	2026-08-p2.md	49
205	2026-08-p2.md	64
206	2026-08-p2.md	63
207	2026-07.md	33
208	2026-07.md	20
209	2026-07.md	22
210	2026-07.md	25
211	2026-07.md	20
212	2026-07.md	61
213	2026-07.md	10
214	2026-07.md	32
215	2026-07.md	56
216	2026-07.md	39
217	2026-07.md	16
218	2026-07.md	36
219	2026-07.md	28
220	2026-07.md	13
221	2026-07.md	56
222	2026-07.md	108
223	2026-07.md	128
224	2026-07.md	134
225	2026-07.md	211
226	2026-07.md	64
227	2026-07.md	94
228	2026-07.md	69
229	2026-07.md	94
230	2026-07.md	91
231	2026-07.md	14
232	2026-08-p2.md	490
233	2026-08-p2.md	77
234	2026-08-p3.md	178
235	2026-08-p3.md	138
236	2026-08-p3.md	153
237	2026-08-p3.md	219
238	2026-08-p3.md	212
239	2026-08-p3.md	154
240	2026-08-p3.md	200
241	2026-08-p3.md	259
242	2026-08-p3.md	189
243	2026-08-p3.md	200
244	2026-08-p3.md	158
245	2026-08-p3.md	229
246	2026-08-p3.md	138
247	2026-08-p3.md	150
248	2026-08-p3.md	117
249	2026-08-p3.md	137
250	2026-08-p3.md	196
251	2026-08-p3.md	83
252	2026-08-p3.md	360
253	2026-08-p3.md	86
254	2026-08-p3.md	77
255	2026-08-p3.md	118
256	2026-08-p3.md	113
257	2026-08-p3.md	94
258	2026-08-p3.md	158
259	2026-08-p3.md	66
260	2026-08-p3.md	87
261	2026-08-p3.md	108
262	2026-08-p3.md	116
263	2026-08-p3.md	98
264	2026-08-p3.md	151
265	2026-08-p3.md	177
266	2026-08-p3.md	189
267	2026-08-p3.md	136
268	2026-08-p3.md	174
269	2026-08-p3.md	169
270	2026-08-p3.md	184
271	2026-08-p3.md	140
272	2026-08-p3.md	158
273	2026-08-p3.md	131
274	2026-08-p4.md	293
275	2026-08-p4.md	243
276	2026-08-p4.md	194
277	2026-08-p4.md	187
278	2026-08-p4.md	143
279	2026-08-p4.md	290
280	2026-08-p4.md	146
281	2026-08-p4.md	158
282	2026-08-p4.md	222
283	2026-08-p4.md	88
284	2026-08-p4.md	206
285	2026-08-p4.md	209
286	2026-08-p4.md	188
287	2026-08-p4.md	243
288	2026-08-p4.md	149
289	2026-08-p4.md	195
290	2026-08-p4.md	62
291	2026-08-p4.md	192
292	2026-08-p4.md	224
293	2026-08-p4.md	133
294	2026-08-p4.md	141
295	2026-08-p4.md	344
296	2026-08-p4.md	143
297	2026-08-p4.md	153
298	2026-08-p4.md	16
299	2026-08-p4.md	172
300	2026-08-p4.md	96
301	2026-08-p4.md	84
302	2026-08-p4.md	97
303	2026-08-p4.md	145
304	2026-08-p4.md	79
305	2026-08-p4.md	81
306	2026-08-p4.md	106
307	2026-08-p4.md	100
308	2026-08-p4.md	126
309	2026-08-p4.md	58
310	2026-08-p4.md	76
311	2026-08-p4.md	47
312	2026-08-p4.md	38
313	2026-08-p4.md	39
314	2026-08-p4.md	66
315	2026-08-p4.md	110
316	2026-08-p4.md	91
317	2026-08-p4.md	86
318	2026-08-p4.md	109
319	2026-09-p2.md	63
320	2026-09-p2.md	43
321	2026-09-p2.md	45
322	2026-09-p2.md	16
323	2026-09-p2.md	6
324	2026-09-p2.md	3
325	2026-09-p2.md	3
326	2026-09-p2.md	3
327	2026-09-p2.md	3
328	2026-09-p2.md	8
329	2026-09-p2.md	8
330	2026-09-p2.md	6
331	2026-09-p2.md	8
332	2026-09-p2.md	96
333	2026-09-p2.md	9
334	2026-09-p2.md	8
335	2026-09-p2.md	6
336	2026-09-p2.md	9
337	2026-09-p2.md	12
338	2026-09-p2.md	15
339	2026-09-p2.md	10
340	2026-09-p2.md	12
341	2026-09-p2.md	10
342	2026-09-p2.md	9
343	2026-09-p2.md	14
344	2026-09-p2.md	23
345	2026-09-p2.md	44
346	2026-09-p2.md	45
347	2026-09-p2.md	26
348	2026-09-p2.md	13
349	2026-09-p2.md	16
350	2026-09-p2.md	36
351	2026-09-p2.md	22
352	2026-09-p2.md	48
353	2026-09-p2.md	25
354	2026-09-p2.md	14
355	2026-09-p2.md	40
356	2026-10.md	20
357	2026-10.md	19
